{"services":[{"serviceType":"Sensordata","description":"","commands":[],"events":[],"properties":[{"enumList":[],"unit":"","min":"1","method":"RW","max":"2147483647","propertyName":"temperature","dataType":"string","step":0.0,"maxLength":5,"required":true},{"enumList":[],"unit":"","min":"1","method":"RW","max":"2147483647","propertyName":"humidity","dataType":"string","step":0.0,"maxLength":5,"required":true},{"enumList":[],"unit":"","min":"1","method":"RW","max":"2147483647","propertyName":"pressure","dataType":"string","step":0.0,"maxLength":5,"required":true},{"enumList":[],"unit":"","min":"1","method":"RW","max":"2147483647","propertyName":"Gas_R","dataType":"string","step":0.0,"maxLength":5,"required":true},{"enumList":[],"unit":"","min":"1","method":"RW","max":"2147483647","propertyName":"PM2_5","dataType":"string","step":0.0,"maxLength":5,"required":true},{"enumList":[],"unit":"","min":"1","method":"RW","max":"2147483647","propertyName":"UV","dataType":"string","step":0.0,"maxLength":5,"required":true}]}]}